n	rounds	mode	samples	invoke_median_ms	invoke_min_ms	invoke_max_ms	prepare_median_ms	process_cpu_median_ms	peak_rss_median_kib	modeled_allocated_bytes	modeled_allocation_charges	instructions
0	0	0	9	0.064992	0.060974	0.072566	76.818451	83.57	21268	1002158	32	26
0	0	1	9	0.069641	0.063339	0.080792	76.530529	83.967	21320	1002158	32	26
0	0	2	9	0.074159	0.055895	0.083127	77.240004	83.862	21036	1002158	32	26
0	0	3	9	0.069	0.056185	0.085611	79.299433	87.379	20920	1002158	32	26
0	0	4	9	0.09035	0.069541	0.115627	79.516271	84.983	21172	1002334	34	27
0	0	5	9	0.08496	0.076504	0.099447	78.487527	86.265	21288	1002334	34	27
0	0	6	9	0.087605	0.071053	0.107733	80.258864	85.042	21404	1002334	34	27
0	0	7	9	0.080371	0.075091	0.114806	79.113443	86.166	21292	1002334	34	27
0	1	0	9	0.087585	0.070482	0.215325	79.297439	86.028	21140	1003414	50	47
0	1	1	9	0.09073	0.083146	0.104356	78.500824	86.071	21276	1003614	55	52
0	1	2	9	0.096171	0.085311	0.110207	78.933275	85.768	21340	1005342	74	71
0	1	3	9	0.086923	0.081834	0.129944	78.208875	83.957	21460	1004342	65	64
0	1	4	9	0.091582	0.08532	0.148088	79.422805	87.384	21412	1005150	68	63
0	1	5	9	0.084719	0.076584	0.098234	78.645315	86.503	21360	1004350	64	62
0	1	6	9	0.088767	0.077816	0.093616	76.027945	83.698	21424	1004598	68	67
0	1	7	9	0.093185	0.084358	0.119194	78.843938	86.079	21420	1005342	74	70
0	8	0	9	0.093415	0.086903	0.109506	78.910882	85.891	21232	1012206	176	194
0	8	1	9	0.1169	0.099086	0.128632	77.233473	83.868	21356	1013806	216	234
0	8	2	9	0.137408	0.125525	0.171793	76.857404	84.756	21384	1027630	368	386
0	8	3	9	0.112722	0.102343	0.134122	78.403729	84.221	21072	1019630	296	330
0	8	4	9	0.122911	0.10606	0.151294	79.037412	86.625	21132	1024862	306	315
0	8	5	9	0.107482	0.100549	0.277341	79.478552	86.635	21332	1018462	274	307
0	8	6	9	0.125917	0.109706	0.139923	79.565903	87.81	21472	1020446	306	347
0	8	7	9	0.129703	0.121388	0.144782	79.998689	87.699	21396	1026398	354	371
32	0	0	9	0.16008	0.145073	0.18128	79.271308	88.195	21232	1046718	795	570
32	0	1	9	0.158428	0.151725	0.186881	79.469491	88.225	21364	1046718	795	570
32	0	2	9	0.167003	0.161303	0.220665	79.363182	86.871	21132	1046718	795	570
32	0	3	9	0.162716	0.147467	0.186791	77.192276	85.713	21288	1046718	795	570
32	0	4	9	0.185439	0.174839	0.221586	78.73959	86.359	21364	1065862	864	571
32	0	5	9	0.18094	0.173476	0.207149	78.852614	86.749	21604	1065862	864	571
32	0	6	9	0.188013	0.167555	0.210064	76.422496	84.945	21500	1065862	864	571
32	0	7	9	0.189385	0.177965	0.194635	77.801671	84.309	21432	1065862	864	571
32	1	0	9	0.166943	0.160171	0.192662	79.184827	86.813	21368	1047974	813	591
32	1	1	9	0.197791	0.173346	0.242896	78.439529	86.363	21384	1067142	885	596
32	1	2	9	0.285657	0.277331	0.298972	75.492441	84.391	21508	1125190	1736	1415
32	1	3	9	0.240712	0.217639	0.309481	79.111041	86.516	21160	1085254	1404	1184
32	1	4	9	0.297138	0.275087	0.323207	78.772402	85.85	21544	1124998	1730	1407
32	1	5	9	0.273153	0.265318	0.365898	79.060763	87.2	21388	1113702	1630	1342
32	1	6	9	0.27163	0.252895	0.316274	76.127444	83.331	21288	1119838	1698	1411
32	1	7	9	0.30333	0.287299	0.33015	78.796657	87.185	21224	1125190	1736	1414
32	8	0	9	0.172554	0.155793	0.205686	78.511414	85.52	21376	1056766	939	738
32	8	1	9	0.264357	0.251051	0.414599	79.724644	87.414	21172	1210110	1515	778
32	8	2	9	1.023854	0.978128	1.134351	78.890845	87.339	21116	1674494	8323	7330
32	8	3	9	0.688934	0.652395	0.701428	78.936362	86.601	21292	1355006	5667	5482
32	8	4	9	0.985131	0.940928	1.357841	79.129644	86.541	21504	1538950	7792	7259
32	8	5	9	0.813198	0.770067	1.153747	79.149431	87.447	21336	1448582	6992	6739
32	8	6	9	0.878942	0.811605	1.246372	78.277773	86.592	21500	1497670	7536	7291
32	8	7	9	0.960245	0.9205	1.100137	78.681231	87.571	21620	1540486	7840	7315
1024	0	0	9	2.633218	2.509775	2.731763	79.505809	88.981	21564	2681038	29718	17434
1024	0	1	9	2.615564	2.441908	3.554158	78.513226	88.951	21240	2681038	29718	17434
1024	0	2	9	2.481392	2.441056	2.62362	79.479409	88.302	21356	2681038	29718	17434
1024	0	3	9	2.55488	2.439373	2.753683	77.47263	88.894	21472	2681038	29718	17434
1024	0	4	9	2.965061	2.791855	4.0135	77.087747	88.054	21784	3296590	31832	17435
1024	0	5	9	2.816662	2.793578	3.101787	76.273027	89.688	21436	3296590	31832	17435
1024	0	6	9	2.959551	2.804088	4.130951	79.223979	90.507	21248	3296590	31832	17435
1024	0	7	9	2.967405	2.793309	3.108941	78.557951	89.996	21280	3296590	31832	17435
1024	1	0	9	2.621155	2.466093	2.65595	76.413251	88.589	21404	2682294	29736	17455
1024	1	1	9	2.934654	2.790753	3.125572	77.63718	88.799	21516	3297870	31853	17460
1024	1	2	9	5.950921	5.590674	6.037494	79.215836	92.761	21264	5101838	58496	43079
1024	1	3	9	4.610713	4.339994	5.075175	76.748859	90.833	21252	3846486	48183	35904
1024	1	4	9	5.739604	5.624988	6.132462	76.404465	89.892	21600	5101646	58490	43071
1024	1	5	9	5.367123	5.189711	5.580335	79.207701	92.236	21420	4764974	55414	41022
1024	1	6	9	5.5349	5.217463	5.623296	78.523426	91.278	21628	4953638	57466	43075
1024	1	7	9	6.040839	5.664012	7.615108	78.356724	91.375	21584	5101838	58496	43078
1024	8	0	9	2.591089	2.446717	2.871425	78.5889	88.733	21128	2691086	29862	17602
1024	8	1	9	4.839282	4.611214	5.579333	78.044473	91.422	21332	7615694	46798	17642
1024	8	2	9	29.787667	27.135083	33.760231	80.221587	117.099	21308	22047438	259942	222594
1024	8	3	9	18.96312	17.931681	41.460788	76.166566	102.142	21328	12004622	177438	165194
1024	8	4	9	27.172914	25.160574	30.660617	79.3461	114.139	21376	17737038	245096	222523
1024	8	5	9	22.420896	21.197708	23.487179	77.560776	108.557	21260	15043662	220488	206131
1024	8	6	9	23.676354	21.892613	24.628053	79.295424	110.445	21512	16552974	236904	222555
1024	8	7	9	27.694926	25.571105	32.946401	78.768927	116.044	21448	17738574	245144	222579
4096	0	0	9	10.656542	10.112761	10.934215	78.883381	96.778	21420	8112238	126996	69658
4096	0	1	9	10.195126	10.054331	12.183621	75.454741	94.708	21700	8112238	126996	69658
4096	0	2	9	10.230992	10.008945	10.774083	75.480458	94.236	21516	8112238	126996	69658
4096	0	3	9	10.605416	10.013715	10.833144	75.336699	96.327	21416	8112238	126996	69658
4096	0	4	9	12.095045	11.455654	13.527817	79.382198	99.923	22360	10602198	135541	69659
4096	0	5	9	11.927931	11.394609	14.15189	75.198347	95.375	22084	10602198	135541	69659
4096	0	6	9	12.232934	11.458399	14.080966	77.590531	97.33	22356	10602198	135541	69659
4096	0	7	9	12.223206	11.338894	12.436327	77.795035	94.666	22396	10602198	135541	69659
4096	1	0	9	10.641695	10.061074	11.156942	78.142168	97.501	21468	8113494	127014	69679
4096	1	1	9	12.181798	11.298298	12.628427	80.589196	99.386	22288	10603478	135562	69684
4096	1	2	9	23.491036	22.495977	27.783391	75.467382	108.835	23012	17814166	242077	172103
4096	1	3	9	18.337193	17.702341	20.086109	76.451564	104.271	21324	12767478	200757	143424
4096	1	4	9	23.187576	22.817812	32.170985	78.108614	108.725	22640	17813974	242071	172095
4096	1	5	9	21.734858	20.570098	22.958326	77.789837	106.066	22816	16469686	229779	163902
4096	1	6	9	21.935152	20.893367	23.35432	78.164439	106.983	22736	17223598	237975	172099
4096	1	7	9	24.195399	22.783346	26.219041	76.247417	108.806	22724	17814166	242077	172102
4096	8	0	9	10.389491	10.03793	11.066983	78.932925	96.683	21124	8122286	127140	69826
4096	8	1	9	19.552697	19.189063	22.83798	76.354772	106.265	23172	28042158	195524	69866
4096	8	2	9	117.49719	114.164582	129.54647	79.023155	204.489	23204	85727662	1047644	889218
4096	8	3	9	74.59298	72.393939	81.940626	76.475659	158.616	21404	45354158	717084	659786
4096	8	4	9	110.711672	107.459203	122.099821	79.887918	195.571	22004	68296406	987781	889147
4096	8	5	9	91.330466	86.832996	95.815837	77.239292	174.79	22268	57542102	889445	823603
4096	8	6	9	93.913098	88.888359	102.531102	77.388884	178.974	22224	63573398	955013	889179
4096	8	7	9	108.785034	101.355041	120.482761	76.593228	192.252	22164	68297942	987829	889203
16384	0	0	9	46.96416	43.172835	52.187543	78.642257	132.283	23400	31016974	540690	278554
16384	0	1	9	45.069379	42.874697	46.984418	77.59029	128.823	23248	31016974	540690	278554
16384	0	2	9	45.262852	43.329331	48.853319	78.493369	133.108	23656	31016974	540690	278554
16384	0	3	9	45.71885	42.850721	58.608397	77.837476	132.511	23616	31016974	540690	278554
16384	0	4	9	52.702111	50.475157	52.898469	78.213832	139.508	31616	41005686	574963	278555
16384	0	5	9	54.255238	49.653383	60.491114	78.4464	140.44	31516	41005686	574963	278555
16384	0	6	9	54.85242	49.628144	61.587775	76.787522	139.276	31324	41005686	574963	278555
16384	0	7	9	52.208111	50.448255	55.091448	76.713605	135.139	31608	41005686	574963	278555
16384	1	0	9	45.538361	42.988229	59.197705	78.835451	133.013	23168	31018230	540708	278575
16384	1	1	9	52.880396	50.03572	57.311491	77.027655	140.372	31740	41006966	574984	278580
16384	1	2	9	102.017518	98.402845	107.204134	78.580783	188.113	31628	69844534	1000987	688199
16384	1	3	9	79.914368	76.729072	82.923513	78.704896	166.587	23712	49631382	835635	573504
16384	1	4	9	105.227119	96.652355	112.230887	80.536839	190.254	31532	69844342	1000981	688191
16384	1	5	9	95.110528	91.749864	103.605212	77.742927	181.015	31492	64469590	951825	655422
16384	1	6	9	93.512869	89.975101	97.583635	77.730677	178.352	31644	67484494	984597	688195
16384	1	7	9	105.527532	97.326131	108.273379	77.970065	189.913	31520	69844534	1000987	688198
16384	8	0	9	43.604889	43.022213	55.348522	75.025814	129.125	23624	31027022	540834	278722
16384	8	1	9	86.13228	82.737872	90.241489	79.002735	172.832	32080	110936910	815042	278762
16384	8	2	9	510.172038	465.839858	555.234938	78.323279	590.772	33248	341637454	4223066	3555714
16384	8	3	9	321.486337	306.695098	338.649322	78.964724	406.15	23396	179932238	2900250	2638154
16384	8	4	9	458.359516	429.402686	477.919334	77.737779	538.066	31640	271714934	3983107	3555643
16384	8	5	9	400.170685	386.493206	427.335208	78.428197	478.27	31308	228716918	3589859	3293491
16384	8	6	9	408.76699	375.700026	424.071034	75.421837	489.565	31592	252836150	3852035	3555675
16384	8	7	9	468.421171	455.832717	488.860432	78.826183	550.206	31556	271716470	3983155	3555699
